Modelo,RMSE,MAE,R2,MAPE
SARIMA,721.3201398962411,577.2773934589558,0.0465265218197487,
ARIMA,744.0730851717263,638.1909469332137,-0.014573913202019062,
LSTM,5029.115206074852,4049.4009277290243,-45.348498533516036,10.915690961053503
Informer,5895.894050491005,5767.022111670254,-62.70182020635374,15.562896664851966
Transformer,8328.82128944849,8265.084089566573,-126.12166950471887,22.321667446593242
